2022-04-27T06:59:42.575622076+00:00,"pattern not matched: ""2022-04-27T14:59:42.297107412+08:00 stdout F 2022-04-27 06:59:42 +0000 [info]: adding match pattern=\""*.**\"" type=\""opensearch\"""""
2022-04-27T06:59:42.575644409+00:00,"pattern not matched: ""2022-04-27T14:59:42.548786299+08:00 stdout F 2022-04-27 06:59:42 +0000 [info]: adding source type=\""forward\"""""
2022-04-27T06:59:42.575687269+00:00,"pattern not matched: ""2022-04-27T14:59:42.555871859+08:00 stdout F 2022-04-27 06:59:42 +0000 [info]: adding source type=\""tail\"""""
2022-04-27T06:59:42.575703640+00:00,"pattern not matched: ""2022-04-27T14:59:42.570523856+08:00 stdout F 2022-04-27 06:59:42 +0000 [warn]: #0 define <match fluent.**> to capture fluentd logs in top level is deprecated. Use <label @FLUENT_LOG> instead"""
2022-04-27T06:59:42.575716575+00:00,"pattern not matched: ""2022-04-27T14:59:42.570794587+08:00 stdout F 2022-04-27 06:59:42 +0000 [info]: #0 starting fluentd worker pid=366 ppid=7 worker=0"""
2022-04-27T06:59:42.575730822+00:00,"pattern not matched: ""2022-04-27T14:59:42.575025431+08:00 stdout F 2022-04-27 06:59:42 +0000 [info]: #0 following tail of /var/log/containers/sk-monitoring-prometheus-node-exporter-8swdm_monitoring_node-exporter-43f322dabd39f2390a290ebb656986bf22241fdd45359e2c54cc0bbd42163711.log"""
2022-04-27T06:59:42.575745840+00:00,"pattern not matched: ""2022-04-27T14:59:42.575119538+08:00 stdout F 2022-04-27 06:59:42 +0000 [info]: #0 following tail of /var/log/containers/sk-loki-0_kube-logs_loki-1a5e68b1b36a59152a906749ff54366a1d848677cb6d54bbe256b67707a03aa2.log"""
2022-04-27T06:59:42.575758554+00:00,"pattern not matched: ""2022-04-27T14:59:42.575220008+08:00 stdout F 2022-04-27 06:59:42 +0000 [info]: #0 following tail of /var/log/containers/explore-solrcloud-zookeeper-1_kube-solr_zookeeper-f0abf76a8148147dcb26eec5bcfbd0feede32afc34da053d9b18ce10fcc12b55.log"""
2022-04-27T06:59:42.575803819+00:00,"pattern not matched: ""2022-04-27T14:59:42.575312863+08:00 stdout F 2022-04-27 06:59:42 +0000 [info]: #0 following tail of /var/log/containers/ldap-8bb75dd94-bwcmh_kube-auth_ldap-dc6ee2c94299da35788b0474fb856bc947af0c7290ac1748cbc782dceb24cac3.log"""
2022-04-27T06:59:42.575821833+00:00,"pattern not matched: ""2022-04-27T14:59:42.575361605+08:00 stdout F 2022-04-27 06:59:42 +0000 [info]: #0 following tail of /var/log/containers/continuous-image-puller-nr2q7_jhub_image-pull-metadata-block-d1e54d6c7cb48f9a3d0c3199812b45c56595f0b05d87d0f51b6725d1708b416b.log"""
2022-04-27T06:59:42.575838164+00:00,"pattern not matched: ""2022-04-27T14:59:42.575415867+08:00 stdout F 2022-04-27 06:59:42 +0000 [info]: #0 following tail of /var/log/containers/qpdm-postgres-f55dc88f-gbxsf_qpdm_qpdm-postgres-264ad674188bbb714ab7e171abdc13f8c03afb815c286c995b17ce3284359f70.log"""
2022-04-27T06:59:42.575852772+00:00,"pattern not matched: ""2022-04-27T14:59:42.575514053+08:00 stdout F 2022-04-27 06:59:42 +0000 [info]: #0 following tail of /var/log/containers/fluentd_kube-fluentd_fluentd-b935cb4d2830281f118fa5f00ae1ff5d47b9d0fafd1befc4e750c2c354ccf3c7.log"""
2022-04-27T06:59:42.576061696+00:00,"pattern not matched: ""2022-04-27T14:59:33.290064232+08:00 stdout F {\""caller\"":\""net.go:785\"",\""component\"":\""Memberlist\"",\""msg\"":\""[DEBUG] memberlist: Initiating push/pull sync with: 192.168.12.22:7946\"",\""ts\"":\""2022-04-27T06:59:33.289958047Z\""}"""
2022-04-27T06:59:42.576104226+00:00,"pattern not matched: ""2022-04-27T14:59:37.475774193+08:00 stdout F {\""caller\"":\""net.go:210\"",\""component\"":\""Memberlist\"",\""msg\"":\""[DEBUG] memberlist: Stream connection from=192.168.12.23:57304\"",\""ts\"":\""2022-04-27T06:59:37.475645024Z\""}"""
2022-04-27T06:59:42.576641590+00:00,"pattern not matched: ""2022-04-27T14:59:31.931893555+08:00 stdout F 10.244.68.175 - - [27/Apr/2022:06:59:31 +0000] \""GET / HTTP/1.1\"" 200 509 \""-\"" \""Go-http-client/1.1\"""""
2022-04-27T06:59:42.576659213+00:00,"pattern not matched: ""2022-04-27T14:59:35.547494709+08:00 stdout F 192.168.12.21 - - [27/Apr/2022:06:59:35 +0000] \""GET / HTTP/1.1\"" 200 1109 \""-\"" \""kube-probe/1.20\"""""
2022-04-27T06:59:42.576673581+00:00,"pattern not matched: ""2022-04-27T14:59:40.680390711+08:00 stdout F 192.168.12.21 - - [27/Apr/2022:06:59:40 +0000] \""GET / HTTP/1.1\"" 200 1109 \""-\"" \""kube-probe/1.20\"""""
2022-04-27T06:59:42.576687918+00:00,"pattern not matched: ""2022-04-27T14:59:41.932078329+08:00 stdout F 10.244.68.175 - - [27/Apr/2022:06:59:41 +0000] \""GET / HTTP/1.1\"" 200 509 \""-\"" \""Go-http-client/1.1\"""""
2022-04-27T06:59:42.577049841+00:00,"pattern not matched: ""2022-04-27T14:59:32.102060561+08:00 stderr F I0427 06:59:32.101995       1 nfd-worker.go:468] starting feature discovery..."""
2022-04-27T06:59:42.577066372+00:00,"pattern not matched: ""2022-04-27T14:59:32.105973970+08:00 stderr F E0427 06:59:32.105940       1 cpu.go:134] could not read pstate status: open /host-sys/devices/system/cpu/intel_pstate/status: no such file or directory"""
2022-04-27T06:59:42.577082542+00:00,"pattern not matched: ""2022-04-27T14:59:32.105999519+08:00 stderr F E0427 06:59:32.105974       1 cpu.go:150] failed to detect cstate: intel_idle driver is not in use: acpi_idle"""
2022-04-27T06:59:42.577118881+00:00,"pattern not matched: ""2022-04-27T14:59:32.112262260+08:00 stderr F W0427 06:59:32.112245       1 kernel.go:99] failed to detect the status of selinux, please check if the system supports selinux and make sure /sys on the host is mounted into the container: open /host-sys/fs/selinux/enforce: no such file or directory"""
2022-04-27T06:59:42.577132737+00:00,"pattern not matched: ""2022-04-27T14:59:32.136485384+08:00 stderr F I0427 06:59:32.136399       1 nfd-worker.go:480] feature discovery completed"""
2022-04-27T06:59:42.577147655+00:00,"pattern not matched: ""2022-04-27T14:59:32.136485384+08:00 stderr F I0427 06:59:32.136424       1 nfd-worker.go:550] sending labeling request to nfd-master"""
2022-04-27T06:59:42.577928398+00:00,"pattern not matched: ""2022-04-27T14:59:40.641962829+08:00 stdout F [2022-04-27T06:59:40,641][INFO ][o.o.s.l.p.RestSqlAction  ] [opensearch-cluster-master-2] [90538d60-f47a-40f7-a1a9-302795ce3e89] Incoming request /_plugins/_sql: ( SELECT * FROM table )"""
2022-04-27T06:59:42.577951141+00:00,"pattern not matched: ""2022-04-27T14:59:40.652138800+08:00 stdout F [2022-04-27T06:59:40,652][WARN ][stderr                   ] [opensearch-cluster-master-2] line 1:27 mismatched input '.04' expecting {<EOF>, ';'}"""
2022-04-27T06:59:42.577970468+00:00,"pattern not matched: ""2022-04-27T14:59:42.270878068+08:00 stdout F [2022-04-27T06:59:42,270][WARN ][o.o.s.l.e.f.DateFieldFormatter] [opensearch-cluster-master-2] Could not parse date string 2022-04-27T06:29:44.719819359+00:00 as date_optional_time"""
2022-04-27T06:59:42.578003159+00:00,"pattern not matched: ""2022-04-27T14:59:42.270878068+08:00 stdout F [2022-04-27T06:59:42,270][WARN ][o.o.s.l.e.f.DateFieldFormatter] [opensearch-cluster-master-2] Could not parse date value; returning original value"""
2022-04-27T06:59:42.578016434+00:00,"pattern not matched: ""2022-04-27T14:59:42.270878068+08:00 stdout F [2022-04-27T06:59:42,270][WARN ][o.o.s.l.e.f.DateFieldFormatter] [opensearch-cluster-master-2] Could not parse date string 2022-04-27T06:29:44.720421757+00:00 as date_optional_time"""
2022-04-27T06:59:42.578033136+00:00,"pattern not matched: ""2022-04-27T14:59:42.270878068+08:00 stdout F [2022-04-27T06:59:42,270][WARN ][o.o.s.l.e.f.DateFieldFormatter] [opensearch-cluster-master-2] Could not parse date value; returning original value"""
2022-04-27T06:59:42.578045760+00:00,"pattern not matched: ""2022-04-27T14:59:42.270878068+08:00 stdout F [2022-04-27T06:59:42,270][WARN ][o.o.s.l.e.f.DateFieldFormatter] [opensearch-cluster-master-2] Could not parse date string 2022-04-27T06:29:44.721098023+00:00 as date_optional_time"""
2022-04-27T06:59:42.578085625+00:00,"pattern not matched: ""2022-04-27T14:59:42.270878068+08:00 stdout F [2022-04-27T06:59:42,270][WARN ][o.o.s.l.e.f.DateFieldFormatter] [opensearch-cluster-master-2] Could not parse date value; returning original value"""
2022-04-27T06:59:42.578101365+00:00,"pattern not matched: ""2022-04-27T14:59:42.270878068+08:00 stdout F [2022-04-27T06:59:42,270][WARN ][o.o.s.l.e.f.DateFieldFormatter] [opensearch-cluster-master-2] Could not parse date string 2022-04-27T06:54:44.082281467+00:00 as date_optional_time"""
2022-04-27T06:59:42.578115982+00:00,"pattern not matched: ""2022-04-27T14:59:42.270878068+08:00 stdout F [2022-04-27T06:59:42,270][WARN ][o.o.s.l.e.f.DateFieldFormatter] [opensearch-cluster-master-2] Could not parse date value; returning original value"""
2022-04-27T06:59:42.578127694+00:00,"pattern not matched: ""2022-04-27T14:59:42.270878068+08:00 stdout F [2022-04-27T06:59:42,270][WARN ][o.o.s.l.e.f.DateFieldFormatter] [opensearch-cluster-master-2] Could not parse date string 2022-04-27T06:58:18.392170031+00:00 as date_optional_time"""
2022-04-27T06:59:42.578171076+00:00,"pattern not matched: ""2022-04-27T14:59:42.270878068+08:00 stdout F [2022-04-27T06:59:42,270][WARN ][o.o.s.l.e.f.DateFieldFormatter] [opensearch-cluster-master-2] Could not parse date value; returning original value"""
2022-04-27T06:59:42.578186225+00:00,"pattern not matched: ""2022-04-27T14:59:42.270941919+08:00 stdout F [2022-04-27T06:59:42,270][WARN ][o.o.s.l.e.f.DateFieldFormatter] [opensearch-cluster-master-2] Could not parse date string 2022-04-27T06:58:18.392195699+00:00 as date_optional_time"""
2022-04-27T06:59:42.578201373+00:00,"pattern not matched: ""2022-04-27T14:59:42.270941919+08:00 stdout F [2022-04-27T06:59:42,270][WARN ][o.o.s.l.e.f.DateFieldFormatter] [opensearch-cluster-master-2] Could not parse date value; returning original value"""
2022-04-27T06:59:42.578213126+00:00,"pattern not matched: ""2022-04-27T14:59:42.270941919+08:00 stdout F [2022-04-27T06:59:42,270][WARN ][o.o.s.l.e.f.DateFieldFormatter] [opensearch-cluster-master-2] Could not parse date string 2022-04-27T06:58:18.392213032+00:00 as date_optional_time"""
2022-04-27T06:59:42.578225739+00:00,"pattern not matched: ""2022-04-27T14:59:42.270951076+08:00 stdout F [2022-04-27T06:59:42,270][WARN ][o.o.s.l.e.f.DateFieldFormatter] [opensearch-cluster-master-2] Could not parse date value; returning original value"""
2022-04-27T06:59:42.578239766+00:00,"pattern not matched: ""2022-04-27T14:59:42.271001140+08:00 stdout F [2022-04-27T06:59:42,270][WARN ][o.o.s.l.e.f.DateFieldFormatter] [opensearch-cluster-master-2] Could not parse date string 2022-04-27T06:58:18.392256494+00:00 as date_optional_time"""
2022-04-27T06:59:42.578272468+00:00,"pattern not matched: ""2022-04-27T14:59:42.271009055+08:00 stdout F [2022-04-27T06:59:42,271][WARN ][o.o.s.l.e.f.DateFieldFormatter] [opensearch-cluster-master-2] Could not parse date value; returning original value"""
2022-04-27T06:59:42.578288578+00:00,"pattern not matched: ""2022-04-27T14:59:42.271060833+08:00 stdout F [2022-04-27T06:59:42,271][WARN ][o.o.s.l.e.f.DateFieldFormatter] [opensearch-cluster-master-2] Could not parse date string 2022-04-27T06:58:18.392274528+00:00 as date_optional_time"""
2022-04-27T06:59:42.578315128+00:00,"pattern not matched: ""2022-04-27T14:59:42.271071994+08:00 stdout F [2022-04-27T06:59:42,271][WARN ][o.o.s.l.e.f.DateFieldFormatter] [opensearch-cluster-master-2] Could not parse date value; returning original value"""
2022-04-27T06:59:42.578329054+00:00,"pattern not matched: ""2022-04-27T14:59:42.271110948+08:00 stdout F [2022-04-27T06:59:42,271][WARN ][o.o.s.l.e.f.DateFieldFormatter] [opensearch-cluster-master-2] Could not parse date string 2022-04-27T06:58:18.392291770+00:00 as date_optional_time"""
2022-04-27T06:59:42.578349643+00:00,"pattern not matched: ""2022-04-27T14:59:42.271121307+08:00 stdout F [2022-04-27T06:59:42,271][WARN ][o.o.s.l.e.f.DateFieldFormatter] [opensearch-cluster-master-2] Could not parse date value; returning original value"""
2022-04-27T06:59:42.578372757+00:00,"pattern not matched: ""2022-04-27T14:59:42.271160451+08:00 stdout F [2022-04-27T06:59:42,271][WARN ][o.o.s.l.e.f.DateFieldFormatter] [opensearch-cluster-master-2] Could not parse date string 2022-04-27T06:58:18.392310125+00:00 as date_optional_time"""
2022-04-27T06:59:42.578410017+00:00,"pattern not matched: ""2022-04-27T14:59:42.271170610+08:00 stdout F [2022-04-27T06:59:42,271][WARN ][o.o.s.l.e.f.DateFieldFormatter] [opensearch-cluster-master-2] Could not parse date value; returning original value"""
2022-04-27T06:59:42.578427350+00:00,"pattern not matched: ""2022-04-27T14:59:42.271211257+08:00 stdout F [2022-04-27T06:59:42,271][WARN ][o.o.s.l.e.f.DateFieldFormatter] [opensearch-cluster-master-2] Could not parse date string 2022-04-27T06:58:18.392326055+00:00 as date_optional_time"""
2022-04-27T06:59:42.578444091+00:00,"pattern not matched: ""2022-04-27T14:59:42.271220805+08:00 stdout F [2022-04-27T06:59:42,271][WARN ][o.o.s.l.e.f.DateFieldFormatter] [opensearch-cluster-master-2] Could not parse date value; returning original value"""
2022-04-27T06:59:42.578456745+00:00,"pattern not matched: ""2022-04-27T14:59:42.271257224+08:00 stdout F [2022-04-27T06:59:42,271][WARN ][o.o.s.l.e.f.DateFieldFormatter] [opensearch-cluster-master-2] Could not parse date string 2022-04-27T06:58:18.392367623+00:00 as date_optional_time"""
2022-04-27T06:59:42.578474529+00:00,"pattern not matched: ""2022-04-27T14:59:42.271265750+08:00 stdout F [2022-04-27T06:59:42,271][WARN ][o.o.s.l.e.f.DateFieldFormatter] [opensearch-cluster-master-2] Could not parse date value; returning original value"""
2022-04-27T06:59:42.578511749+00:00,"pattern not matched: ""2022-04-27T14:59:42.271306777+08:00 stdout F [2022-04-27T06:59:42,271][WARN ][o.o.s.l.e.f.DateFieldFormatter] [opensearch-cluster-master-2] Could not parse date string 2022-04-27T06:58:18.392586176+00:00 as date_optional_time"""
2022-04-27T06:59:42.578530114+00:00,"pattern not matched: ""2022-04-27T14:59:42.271315524+08:00 stdout F [2022-04-27T06:59:42,271][WARN ][o.o.s.l.e.f.DateFieldFormatter] [opensearch-cluster-master-2] Could not parse date value; returning original value"""
2022-04-27T06:59:42.578544691+00:00,"pattern not matched: ""2022-04-27T14:59:42.271481527+08:00 stdout F [2022-04-27T06:59:42,271][WARN ][o.o.s.l.e.f.DateFieldFormatter] [opensearch-cluster-master-2] Could not parse date string 2022-04-27T06:58:18.392605653+00:00 as date_optional_time"""
2022-04-27T06:59:42.578574528+00:00,"pattern not matched: ""2022-04-27T14:59:42.271493670+08:00 stdout F [2022-04-27T06:59:42,271][WARN ][o.o.s.l.e.f.DateFieldFormatter] [opensearch-cluster-master-2] Could not parse date value; returning original value"""
2022-04-27T06:59:42.578588173+00:00,"pattern not matched: ""2022-04-27T14:59:42.271536641+08:00 stdout F [2022-04-27T06:59:42,271][WARN ][o.o.s.l.e.f.DateFieldFormatter] [opensearch-cluster-master-2] Could not parse date string 2022-04-27T06:58:18.393156643+00:00 as date_optional_time"""
2022-04-27T06:59:42.578602320+00:00,"pattern not matched: ""2022-04-27T14:59:42.271545898+08:00 stdout F [2022-04-27T06:59:42,271][WARN ][o.o.s.l.e.f.DateFieldFormatter] [opensearch-cluster-master-2] Could not parse date value; returning original value"""
2022-04-27T06:59:42.578637967+00:00,"pattern not matched: ""2022-04-27T14:59:42.271619527+08:00 stdout F [2022-04-27T06:59:42,271][WARN ][o.o.s.l.e.f.DateFieldFormatter] [opensearch-cluster-master-2] Could not parse date string 2022-04-27T06:58:18.393175869+00:00 as date_optional_time"""
2022-04-27T06:59:42.578651292+00:00,"pattern not matched: ""2022-04-27T14:59:42.271628144+08:00 stdout F [2022-04-27T06:59:42,271][WARN ][o.o.s.l.e.f.DateFieldFormatter] [opensearch-cluster-master-2] Could not parse date value; returning original value"""
2022-04-27T06:59:42.578663636+00:00,"pattern not matched: ""2022-04-27T14:59:42.271669562+08:00 stdout F [2022-04-27T06:59:42,271][WARN ][o.o.s.l.e.f.DateFieldFormatter] [opensearch-cluster-master-2] Could not parse date string 2022-04-27T06:58:18.393190376+00:00 as date_optional_time"""
2022-04-27T06:59:42.578678794+00:00,"pattern not matched: ""2022-04-27T14:59:42.271678008+08:00 stdout F [2022-04-27T06:59:42,271][WARN ][o.o.s.l.e.f.DateFieldFormatter] [opensearch-cluster-master-2] Could not parse date value; returning original value"""
2022-04-27T06:59:42.578709542+00:00,"pattern not matched: ""2022-04-27T14:59:42.271730928+08:00 stdout F [2022-04-27T06:59:42,271][WARN ][o.o.s.l.e.f.DateFieldFormatter] [opensearch-cluster-master-2] Could not parse date string 2022-04-27T06:58:18.393206426+00:00 as date_optional_time"""
2022-04-27T06:59:42.578724470+00:00,"pattern not matched: ""2022-04-27T14:59:42.271739163+08:00 stdout F [2022-04-27T06:59:42,271][WARN ][o.o.s.l.e.f.DateFieldFormatter] [opensearch-cluster-master-2] Could not parse date value; returning original value"""
2022-04-27T06:59:42.578737816+00:00,"pattern not matched: ""2022-04-27T14:59:42.271786773+08:00 stdout F [2022-04-27T06:59:42,271][WARN ][o.o.s.l.e.f.DateFieldFormatter] [opensearch-cluster-master-2] Could not parse date string 2022-04-27T06:58:18.393221244+00:00 as date_optional_time"""
2022-04-27T06:59:42.578772170+00:00,"pattern not matched: ""2022-04-27T14:59:42.271794758+08:00 stdout F [2022-04-27T06:59:42,271][WARN ][o.o.s.l.e.f.DateFieldFormatter] [opensearch-cluster-master-2] Could not parse date value; returning original value"""
2022-04-27T06:59:42.578785516+00:00,"pattern not matched: ""2022-04-27T14:59:42.271843099+08:00 stdout F [2022-04-27T06:59:42,271][WARN ][o.o.s.l.e.f.DateFieldFormatter] [opensearch-cluster-master-2] Could not parse date string 2022-04-27T06:58:18.393251672+00:00 as date_optional_time"""
2022-04-27T06:59:42.578797518+00:00,"pattern not matched: ""2022-04-27T14:59:42.271851054+08:00 stdout F [2022-04-27T06:59:42,271][WARN ][o.o.s.l.e.f.DateFieldFormatter] [opensearch-cluster-master-2] Could not parse date value; returning original value"""
2022-04-27T06:59:42.578832294+00:00,"pattern not matched: ""2022-04-27T14:59:42.271894396+08:00 stdout F [2022-04-27T06:59:42,271][WARN ][o.o.s.l.e.f.DateFieldFormatter] [opensearch-cluster-master-2] Could not parse date string 2022-04-27T06:58:18.394001076+00:00 as date_optional_time"""
2022-04-27T06:59:42.578851139+00:00,"pattern not matched: ""2022-04-27T14:59:42.271902652+08:00 stdout F [2022-04-27T06:59:42,271][WARN ][o.o.s.l.e.f.DateFieldFormatter] [opensearch-cluster-master-2] Could not parse date value; returning original value"""
2022-04-27T06:59:42.578862731+00:00,"pattern not matched: ""2022-04-27T14:59:42.271942697+08:00 stdout F [2022-04-27T06:59:42,271][WARN ][o.o.s.l.e.f.DateFieldFormatter] [opensearch-cluster-master-2] Could not parse date string 2022-04-27T06:58:18.394036934+00:00 as date_optional_time"""
2022-04-27T06:59:42.578874614+00:00,"pattern not matched: ""2022-04-27T14:59:42.271950632+08:00 stdout F [2022-04-27T06:59:42,271][WARN ][o.o.s.l.e.f.DateFieldFormatter] [opensearch-cluster-master-2] Could not parse date value; returning original value"""
2022-04-27T06:59:42.578887378+00:00,"pattern not matched: ""2022-04-27T14:59:42.271991139+08:00 stdout F [2022-04-27T06:59:42,271][WARN ][o.o.s.l.e.f.DateFieldFormatter] [opensearch-cluster-master-2] Could not parse date string 2022-04-27T06:58:18.394053465+00:00 as date_optional_time"""
2022-04-27T06:59:42.578919679+00:00,"pattern not matched: ""2022-04-27T14:59:42.271999474+08:00 stdout F [2022-04-27T06:59:42,271][WARN ][o.o.s.l.e.f.DateFieldFormatter] [opensearch-cluster-master-2] Could not parse date value; returning original value"""
2022-04-27T06:59:42.578930058+00:00,"pattern not matched: ""2022-04-27T14:59:42.272042055+08:00 stdout F [2022-04-27T06:59:42,272][WARN ][o.o.s.l.e.f.DateFieldFormatter] [opensearch-cluster-master-2] Could not parse date string 2022-04-27T06:58:18.394074545+00:00 as date_optional_time"""
2022-04-27T06:59:42.578941009+00:00,"pattern not matched: ""2022-04-27T14:59:42.272049980+08:00 stdout F [2022-04-27T06:59:42,272][WARN ][o.o.s.l.e.f.DateFieldFormatter] [opensearch-cluster-master-2] Could not parse date value; returning original value"""
2022-04-27T06:59:42.578953984+00:00,"pattern not matched: ""2022-04-27T14:59:42.272091548+08:00 stdout F [2022-04-27T06:59:42,272][WARN ][o.o.s.l.e.f.DateFieldFormatter] [opensearch-cluster-master-2] Could not parse date string 2022-04-27T06:58:18.394116063+00:00 as date_optional_time"""
2022-04-27T06:59:42.578968260+00:00,"pattern not matched: ""2022-04-27T14:59:42.272099573+08:00 stdout F [2022-04-27T06:59:42,272][WARN ][o.o.s.l.e.f.DateFieldFormatter] [opensearch-cluster-master-2] Could not parse date value; returning original value"""
2022-04-27T06:59:42.578979732+00:00,"pattern not matched: ""2022-04-27T14:59:42.272151020+08:00 stdout F [2022-04-27T06:59:42,272][WARN ][o.o.s.l.e.f.DateFieldFormatter] [opensearch-cluster-master-2] Could not parse date string 2022-04-27T06:58:18.394129969+00:00 as date_optional_time"""
2022-04-27T06:59:42.579026530+00:00,"pattern not matched: ""2022-04-27T14:59:42.272159216+08:00 stdout F [2022-04-27T06:59:42,272][WARN ][o.o.s.l.e.f.DateFieldFormatter] [opensearch-cluster-master-2] Could not parse date value; returning original value"""
2022-04-27T06:59:42.579039515+00:00,"pattern not matched: ""2022-04-27T14:59:42.272259134+08:00 stdout F [2022-04-27T06:59:42,272][WARN ][o.o.s.l.e.f.DateFieldFormatter] [opensearch-cluster-master-2] Could not parse date string 2022-04-27T06:58:18.394385091+00:00 as date_optional_time"""
2022-04-27T06:59:42.579051367+00:00,"pattern not matched: ""2022-04-27T14:59:42.272268782+08:00 stdout F [2022-04-27T06:59:42,272][WARN ][o.o.s.l.e.f.DateFieldFormatter] [opensearch-cluster-master-2] Could not parse date value; returning original value"""
2022-04-27T06:59:42.579064442+00:00,"pattern not matched: ""2022-04-27T14:59:42.272328415+08:00 stdout F [2022-04-27T06:59:42,272][WARN ][o.o.s.l.e.f.DateFieldFormatter] [opensearch-cluster-master-2] Could not parse date string 2022-04-27T06:58:18.394420698+00:00 as date_optional_time"""
2022-04-27T06:59:42.579077467+00:00,"pattern not matched: ""2022-04-27T14:59:42.272336440+08:00 stdout F [2022-04-27T06:59:42,272][WARN ][o.o.s.l.e.f.DateFieldFormatter] [opensearch-cluster-master-2] Could not parse date value; returning original value"""
2022-04-27T06:59:42.579124706+00:00,"pattern not matched: ""2022-04-27T14:59:42.272401763+08:00 stdout F [2022-04-27T06:59:42,272][WARN ][o.o.s.l.e.f.DateFieldFormatter] [opensearch-cluster-master-2] Could not parse date string 2022-04-27T06:58:18.395549518+00:00 as date_optional_time"""
2022-04-27T06:59:42.579137861+00:00,"pattern not matched: ""2022-04-27T14:59:42.272409548+08:00 stdout F [2022-04-27T06:59:42,272][WARN ][o.o.s.l.e.f.DateFieldFormatter] [opensearch-cluster-master-2] Could not parse date value; returning original value"""
2022-04-27T06:59:42.579152298+00:00,"pattern not matched: ""2022-04-27T14:59:42.272485231+08:00 stdout F [2022-04-27T06:59:42,272][WARN ][o.o.s.l.e.f.DateFieldFormatter] [opensearch-cluster-master-2] Could not parse date string 2022-04-27T06:58:18.395583883+00:00 as date_optional_time"""
2022-04-27T06:59:42.579165893+00:00,"pattern not matched: ""2022-04-27T14:59:42.272496682+08:00 stdout F [2022-04-27T06:59:42,272][WARN ][o.o.s.l.e.f.DateFieldFormatter] [opensearch-cluster-master-2] Could not parse date value; returning original value"""
2022-04-27T06:59:42.579179098+00:00,"pattern not matched: ""2022-04-27T14:59:42.272565092+08:00 stdout F [2022-04-27T06:59:42,272][WARN ][o.o.s.l.e.f.DateFieldFormatter] [opensearch-cluster-master-2] Could not parse date string 2022-04-27T06:58:18.395606015+00:00 as date_optional_time"""
2022-04-27T06:59:42.579213393+00:00,"pattern not matched: ""2022-04-27T14:59:42.272573357+08:00 stdout F [2022-04-27T06:59:42,272][WARN ][o.o.s.l.e.f.DateFieldFormatter] [opensearch-cluster-master-2] Could not parse date value; returning original value"""
2022-04-27T06:59:42.579227991+00:00,"pattern not matched: ""2022-04-27T14:59:42.272630525+08:00 stdout F [2022-04-27T06:59:42,272][WARN ][o.o.s.l.e.f.DateFieldFormatter] [opensearch-cluster-master-2] Could not parse date string 2022-04-27T06:58:18.395624019+00:00 as date_optional_time"""
2022-04-27T06:59:42.579240184+00:00,"pattern not matched: ""2022-04-27T14:59:42.272638610+08:00 stdout F [2022-04-27T06:59:42,272][WARN ][o.o.s.l.e.f.DateFieldFormatter] [opensearch-cluster-master-2] Could not parse date value; returning original value"""
2022-04-27T06:59:42.579252817+00:00,"pattern not matched: ""2022-04-27T14:59:42.272684176+08:00 stdout F [2022-04-27T06:59:42,272][WARN ][o.o.s.l.e.f.DateFieldFormatter] [opensearch-cluster-master-2] Could not parse date string 2022-04-27T06:58:18.395646672+00:00 as date_optional_time"""
2022-04-27T06:59:42.579265030+00:00,"pattern not matched: ""2022-04-27T14:59:42.272692592+08:00 stdout F [2022-04-27T06:59:42,272][WARN ][o.o.s.l.e.f.DateFieldFormatter] [opensearch-cluster-master-2] Could not parse date value; returning original value"""
2022-04-27T06:59:42.579276993+00:00,"pattern not matched: ""2022-04-27T14:59:42.272744059+08:00 stdout F [2022-04-27T06:59:42,272][WARN ][o.o.s.l.e.f.DateFieldFormatter] [opensearch-cluster-master-2] Could not parse date string 2022-04-27T06:58:18.395663924+00:00 as date_optional_time"""
2022-04-27T06:59:42.579323601+00:00,"pattern not matched: ""2022-04-27T14:59:42.272752595+08:00 stdout F [2022-04-27T06:59:42,272][WARN ][o.o.s.l.e.f.DateFieldFormatter] [opensearch-cluster-master-2] Could not parse date value; returning original value"""
2022-04-27T06:59:42.579337337+00:00,"pattern not matched: ""2022-04-27T14:59:42.272800245+08:00 stdout F [2022-04-27T06:59:42,272][WARN ][o.o.s.l.e.f.DateFieldFormatter] [opensearch-cluster-master-2] Could not parse date string 2022-04-27T06:58:18.395676909+00:00 as date_optional_time"""
2022-04-27T06:59:42.579349249+00:00,"pattern not matched: ""2022-04-27T14:59:42.272808541+08:00 stdout F [2022-04-27T06:59:42,272][WARN ][o.o.s.l.e.f.DateFieldFormatter] [opensearch-cluster-master-2] Could not parse date value; returning original value"""
2022-04-27T06:59:42.579364789+00:00,"pattern not matched: ""2022-04-27T14:59:42.272850610+08:00 stdout F [2022-04-27T06:59:42,272][WARN ][o.o.s.l.e.f.DateFieldFormatter] [opensearch-cluster-master-2] Could not parse date string 2022-04-27T06:58:18.395723857+00:00 as date_optional_time"""
2022-04-27T06:59:42.579376902+00:00,"pattern not matched: ""2022-04-27T14:59:42.272858585+08:00 stdout F [2022-04-27T06:59:42,272][WARN ][o.o.s.l.e.f.DateFieldFormatter] [opensearch-cluster-master-2] Could not parse date value; returning original value"""
2022-04-27T06:59:42.579388433+00:00,"pattern not matched: ""2022-04-27T14:59:42.272899082+08:00 stdout F [2022-04-27T06:59:42,272][WARN ][o.o.s.l.e.f.DateFieldFormatter] [opensearch-cluster-master-2] Could not parse date string 2022-04-27T06:58:18.395736992+00:00 as date_optional_time"""
2022-04-27T06:59:42.579421255+00:00,"pattern not matched: ""2022-04-27T14:59:42.272908650+08:00 stdout F [2022-04-27T06:59:42,272][WARN ][o.o.s.l.e.f.DateFieldFormatter] [opensearch-cluster-master-2] Could not parse date value; returning original value"""
2022-04-27T06:59:42.579440341+00:00,"pattern not matched: ""2022-04-27T14:59:42.272947553+08:00 stdout F [2022-04-27T06:59:42,272][WARN ][o.o.s.l.e.f.DateFieldFormatter] [opensearch-cluster-master-2] Could not parse date string 2022-04-27T06:58:18.395754876+00:00 as date_optional_time"""
2022-04-27T06:59:42.579454238+00:00,"pattern not matched: ""2022-04-27T14:59:42.272956190+08:00 stdout F [2022-04-27T06:59:42,272][WARN ][o.o.s.l.e.f.DateFieldFormatter] [opensearch-cluster-master-2] Could not parse date value; returning original value"""
2022-04-27T06:59:42.579469055+00:00,"pattern not matched: ""2022-04-27T14:59:42.273001174+08:00 stdout F [2022-04-27T06:59:42,272][WARN ][o.o.s.l.e.f.DateFieldFormatter] [opensearch-cluster-master-2] Could not parse date string 2022-04-27T06:58:18.395770636+00:00 as date_optional_time"""
2022-04-27T06:59:42.579484545+00:00,"pattern not matched: ""2022-04-27T14:59:42.273009460+08:00 stdout F [2022-04-27T06:59:42,273][WARN ][o.o.s.l.e.f.DateFieldFormatter] [opensearch-cluster-master-2] Could not parse date value; returning original value"""
2022-04-27T06:59:42.579521685+00:00,"pattern not matched: ""2022-04-27T14:59:42.273055577+08:00 stdout F [2022-04-27T06:59:42,273][WARN ][o.o.s.l.e.f.DateFieldFormatter] [opensearch-cluster-master-2] Could not parse date string 2022-04-27T06:58:18.395784402+00:00 as date_optional_time"""
2022-04-27T06:59:42.579536142+00:00,"pattern not matched: ""2022-04-27T14:59:42.273063913+08:00 stdout F [2022-04-27T06:59:42,273][WARN ][o.o.s.l.e.f.DateFieldFormatter] [opensearch-cluster-master-2] Could not parse date value; returning original value"""
2022-04-27T06:59:42.579547083+00:00,"pattern not matched: ""2022-04-27T14:59:42.273107345+08:00 stdout F [2022-04-27T06:59:42,273][WARN ][o.o.s.l.e.f.DateFieldFormatter] [opensearch-cluster-master-2] Could not parse date string 2022-04-27T06:58:18.395813316+00:00 as date_optional_time"""
2022-04-27T06:59:42.579581397+00:00,"pattern not matched: ""2022-04-27T14:59:42.273115660+08:00 stdout F [2022-04-27T06:59:42,273][WARN ][o.o.s.l.e.f.DateFieldFormatter] [opensearch-cluster-master-2] Could not parse date value; returning original value"""
2022-04-27T06:59:42.579595985+00:00,"pattern not matched: ""2022-04-27T14:59:42.273156628+08:00 stdout F [2022-04-27T06:59:42,273][WARN ][o.o.s.l.e.f.DateFieldFormatter] [opensearch-cluster-master-2] Could not parse date string 2022-04-27T06:58:18.395826872+00:00 as date_optional_time"""
2022-04-27T06:59:42.579607897+00:00,"pattern not matched: ""2022-04-27T14:59:42.273165234+08:00 stdout F [2022-04-27T06:59:42,273][WARN ][o.o.s.l.e.f.DateFieldFormatter] [opensearch-cluster-master-2] Could not parse date value; returning original value"""
2022-04-27T06:59:42.579619539+00:00,"pattern not matched: ""2022-04-27T14:59:42.273207494+08:00 stdout F [2022-04-27T06:59:42,273][WARN ][o.o.s.l.e.f.DateFieldFormatter] [opensearch-cluster-master-2] Could not parse date string 2022-04-27T06:58:18.395857519+00:00 as date_optional_time"""
2022-04-27T06:59:42.579659044+00:00,"pattern not matched: ""2022-04-27T14:59:42.273217052+08:00 stdout F [2022-04-27T06:59:42,273][WARN ][o.o.s.l.e.f.DateFieldFormatter] [opensearch-cluster-master-2] Could not parse date value; returning original value"""
2022-04-27T06:59:42.579673381+00:00,"pattern not matched: ""2022-04-27T14:59:42.273267707+08:00 stdout F [2022-04-27T06:59:42,273][WARN ][o.o.s.l.e.f.DateFieldFormatter] [opensearch-cluster-master-2] Could not parse date string 2022-04-27T06:58:18.397451618+00:00 as date_optional_time"""
2022-04-27T06:59:42.579689622+00:00,"pattern not matched: ""2022-04-27T14:59:42.273276764+08:00 stdout F [2022-04-27T06:59:42,273][WARN ][o.o.s.l.e.f.DateFieldFormatter] [opensearch-cluster-master-2] Could not parse date value; returning original value"""
2022-04-27T06:59:42.579724137+00:00,"pattern not matched: ""2022-04-27T14:59:42.273327630+08:00 stdout F [2022-04-27T06:59:42,273][WARN ][o.o.s.l.e.f.DateFieldFormatter] [opensearch-cluster-master-2] Could not parse date string 2022-04-27T06:58:18.397479841+00:00 as date_optional_time"""
2022-04-27T06:59:42.579736510+00:00,"pattern not matched: ""2022-04-27T14:59:42.273336768+08:00 stdout F [2022-04-27T06:59:42,273][WARN ][o.o.s.l.e.f.DateFieldFormatter] [opensearch-cluster-master-2] Could not parse date value; returning original value"""
2022-04-27T06:59:42.579750787+00:00,"pattern not matched: ""2022-04-27T14:59:42.273384398+08:00 stdout F [2022-04-27T06:59:42,273][WARN ][o.o.s.l.e.f.DateFieldFormatter] [opensearch-cluster-master-2] Could not parse date string 2022-04-27T06:58:18.397495420+00:00 as date_optional_time"""
2022-04-27T06:59:42.579762890+00:00,"pattern not matched: ""2022-04-27T14:59:42.273392513+08:00 stdout F [2022-04-27T06:59:42,273][WARN ][o.o.s.l.e.f.DateFieldFormatter] [opensearch-cluster-master-2] Could not parse date value; returning original value"""
2022-04-27T06:59:42.579788017+00:00,"pattern not matched: ""2022-04-27T14:59:42.273432829+08:00 stdout F [2022-04-27T06:59:42,273][WARN ][o.o.s.l.e.f.DateFieldFormatter] [opensearch-cluster-master-2] Could not parse date string 2022-04-27T06:58:18.397529665+00:00 as date_optional_time"""
2022-04-27T06:59:42.579802565+00:00,"pattern not matched: ""2022-04-27T14:59:42.273444261+08:00 stdout F [2022-04-27T06:59:42,273][WARN ][o.o.s.l.e.f.DateFieldFormatter] [opensearch-cluster-master-2] Could not parse date value; returning original value"""
2022-04-27T06:59:42.579816802+00:00,"pattern not matched: ""2022-04-27T14:59:42.273488564+08:00 stdout F [2022-04-27T06:59:42,273][WARN ][o.o.s.l.e.f.DateFieldFormatter] [opensearch-cluster-master-2] Could not parse date string 2022-04-27T06:58:18.397545385+00:00 as date_optional_time"""
2022-04-27T06:59:42.579853321+00:00,"pattern not matched: ""2022-04-27T14:59:42.273498633+08:00 stdout F [2022-04-27T06:59:42,273][WARN ][o.o.s.l.e.f.DateFieldFormatter] [opensearch-cluster-master-2] Could not parse date value; returning original value"""
2022-04-27T06:59:42.579870082+00:00,"pattern not matched: ""2022-04-27T14:59:42.273538308+08:00 stdout F [2022-04-27T06:59:42,273][WARN ][o.o.s.l.e.f.DateFieldFormatter] [opensearch-cluster-master-2] Could not parse date string 2022-04-27T06:58:18.397566044+00:00 as date_optional_time"""
2022-04-27T06:59:42.579886804+00:00,"pattern not matched: ""2022-04-27T14:59:42.273546904+08:00 stdout F [2022-04-27T06:59:42,273][WARN ][o.o.s.l.e.f.DateFieldFormatter] [opensearch-cluster-master-2] Could not parse date value; returning original value"""
2022-04-27T06:59:42.579901061+00:00,"pattern not matched: ""2022-04-27T14:59:42.273586238+08:00 stdout F [2022-04-27T06:59:42,273][WARN ][o.o.s.l.e.f.DateFieldFormatter] [opensearch-cluster-master-2] Could not parse date string 2022-04-27T06:58:18.397600960+00:00 as date_optional_time"""
2022-04-27T06:59:42.579916289+00:00,"pattern not matched: ""2022-04-27T14:59:42.273594284+08:00 stdout F [2022-04-27T06:59:42,273][WARN ][o.o.s.l.e.f.DateFieldFormatter] [opensearch-cluster-master-2] Could not parse date value; returning original value"""
2022-04-27T06:59:42.579930095+00:00,"pattern not matched: ""2022-04-27T14:59:42.273636203+08:00 stdout F [2022-04-27T06:59:42,273][WARN ][o.o.s.l.e.f.DateFieldFormatter] [opensearch-cluster-master-2] Could not parse date string 2022-04-27T06:58:18.397613443+00:00 as date_optional_time"""
2022-04-27T06:59:42.579965522+00:00,"pattern not matched: ""2022-04-27T14:59:42.273644478+08:00 stdout F [2022-04-27T06:59:42,273][WARN ][o.o.s.l.e.f.DateFieldFormatter] [opensearch-cluster-master-2] Could not parse date value; returning original value"""
2022-04-27T06:59:42.579983546+00:00,"pattern not matched: ""2022-04-27T14:59:42.273685456+08:00 stdout F [2022-04-27T06:59:42,273][WARN ][o.o.s.l.e.f.DateFieldFormatter] [opensearch-cluster-master-2] Could not parse date string 2022-04-27T06:58:18.397625787+00:00 as date_optional_time"""
2022-04-27T06:59:42.580045724+00:00,"pattern not matched: ""2022-04-27T14:59:42.273694002+08:00 stdout F [2022-04-27T06:59:42,273][WARN ][o.o.s.l.e.f.DateFieldFormatter] [opensearch-cluster-master-2] Could not parse date value; returning original value"""
2022-04-27T06:59:42.580059419+00:00,"pattern not matched: ""2022-04-27T14:59:42.273733566+08:00 stdout F [2022-04-27T06:59:42,273][WARN ][o.o.s.l.e.f.DateFieldFormatter] [opensearch-cluster-master-2] Could not parse date string 2022-04-27T06:58:18.397645744+00:00 as date_optional_time"""
2022-04-27T06:59:42.580072955+00:00,"pattern not matched: ""2022-04-27T14:59:42.273741852+08:00 stdout F [2022-04-27T06:59:42,273][WARN ][o.o.s.l.e.f.DateFieldFormatter] [opensearch-cluster-master-2] Could not parse date value; returning original value"""
2022-04-27T06:59:42.580088074+00:00,"pattern not matched: ""2022-04-27T14:59:42.273783861+08:00 stdout F [2022-04-27T06:59:42,273][WARN ][o.o.s.l.e.f.DateFieldFormatter] [opensearch-cluster-master-2] Could not parse date string 2022-04-27T06:58:18.397659640+00:00 as date_optional_time"""
2022-04-27T06:59:42.580131976+00:00,"pattern not matched: ""2022-04-27T14:59:42.273792438+08:00 stdout F [2022-04-27T06:59:42,273][WARN ][o.o.s.l.e.f.DateFieldFormatter] [opensearch-cluster-master-2] Could not parse date value; returning original value"""
2022-04-27T06:59:42.580146153+00:00,"pattern not matched: ""2022-04-27T14:59:42.273833585+08:00 stdout F [2022-04-27T06:59:42,273][WARN ][o.o.s.l.e.f.DateFieldFormatter] [opensearch-cluster-master-2] Could not parse date string 2022-04-27T06:58:18.397687493+00:00 as date_optional_time"""
2022-04-27T06:59:42.580161081+00:00,"pattern not matched: ""2022-04-27T14:59:42.273842051+08:00 stdout F [2022-04-27T06:59:42,273][WARN ][o.o.s.l.e.f.DateFieldFormatter] [opensearch-cluster-master-2] Could not parse date value; returning original value"""
2022-04-27T06:59:42.580175458+00:00,"pattern not matched: ""2022-04-27T14:59:42.273938263+08:00 stdout F [2022-04-27T06:59:42,273][WARN ][o.o.s.l.e.f.DateFieldFormatter] [opensearch-cluster-master-2] Could not parse date string 2022-04-27T06:58:18.397701499+00:00 as date_optional_time"""
2022-04-27T06:59:42.580201357+00:00,"pattern not matched: ""2022-04-27T14:59:42.273946368+08:00 stdout F [2022-04-27T06:59:42,273][WARN ][o.o.s.l.e.f.DateFieldFormatter] [opensearch-cluster-master-2] Could not parse date value; returning original value"""
2022-04-27T06:59:42.580225423+00:00,"pattern not matched: ""2022-04-27T14:59:42.274040916+08:00 stdout F [2022-04-27T06:59:42,274][WARN ][o.o.s.l.e.f.DateFieldFormatter] [opensearch-cluster-master-2] Could not parse date string 2022-04-27T06:58:18.397748829+00:00 as date_optional_time"""
2022-04-27T06:59:42.580237776+00:00,"pattern not matched: ""2022-04-27T14:59:42.274070642+08:00 stdout F [2022-04-27T06:59:42,274][WARN ][o.o.s.l.e.f.DateFieldFormatter] [opensearch-cluster-master-2] Could not parse date value; returning original value"""
2022-04-27T06:59:42.580265578+00:00,"pattern not matched: ""2022-04-27T14:59:42.274115357+08:00 stdout F [2022-04-27T06:59:42,274][WARN ][o.o.s.l.e.f.DateFieldFormatter] [opensearch-cluster-master-2] Could not parse date string 2022-04-27T06:58:18.397766051+00:00 as date_optional_time"""
2022-04-27T06:59:42.580280687+00:00,"pattern not matched: ""2022-04-27T14:59:42.274123622+08:00 stdout F [2022-04-27T06:59:42,274][WARN ][o.o.s.l.e.f.DateFieldFormatter] [opensearch-cluster-master-2] Could not parse date value; returning original value"""
2022-04-27T06:59:42.580301246+00:00,"pattern not matched: ""2022-04-27T14:59:42.274164970+08:00 stdout F [2022-04-27T06:59:42,274][WARN ][o.o.s.l.e.f.DateFieldFormatter] [opensearch-cluster-master-2] Could not parse date string 2022-04-27T06:58:18.397780038+00:00 as date_optional_time"""
2022-04-27T06:59:42.580337915+00:00,"pattern not matched: ""2022-04-27T14:59:42.274172935+08:00 stdout F [2022-04-27T06:59:42,274][WARN ][o.o.s.l.e.f.DateFieldFormatter] [opensearch-cluster-master-2] Could not parse date value; returning original value"""
2022-04-27T06:59:42.580352703+00:00,"pattern not matched: ""2022-04-27T14:59:42.274217860+08:00 stdout F [2022-04-27T06:59:42,274][WARN ][o.o.s.l.e.f.DateFieldFormatter] [opensearch-cluster-master-2] Could not parse date string 2022-04-27T06:58:18.397809774+00:00 as date_optional_time"""
2022-04-27T06:59:42.580367501+00:00,"pattern not matched: ""2022-04-27T14:59:42.274226597+08:00 stdout F [2022-04-27T06:59:42,274][WARN ][o.o.s.l.e.f.DateFieldFormatter] [opensearch-cluster-master-2] Could not parse date value; returning original value"""
2022-04-27T06:59:42.580378732+00:00,"pattern not matched: ""2022-04-27T14:59:42.274275920+08:00 stdout F [2022-04-27T06:59:42,274][WARN ][o.o.s.l.e.f.DateFieldFormatter] [opensearch-cluster-master-2] Could not parse date string 2022-04-27T06:58:18.397841474+00:00 as date_optional_time"""
2022-04-27T06:59:42.580393600+00:00,"pattern not matched: ""2022-04-27T14:59:42.274284666+08:00 stdout F [2022-04-27T06:59:42,274][WARN ][o.o.s.l.e.f.DateFieldFormatter] [opensearch-cluster-master-2] Could not parse date value; returning original value"""
2022-04-27T06:59:42.580431421+00:00,"pattern not matched: ""2022-04-27T14:59:42.274341353+08:00 stdout F [2022-04-27T06:59:42,274][WARN ][o.o.s.l.e.f.DateFieldFormatter] [opensearch-cluster-master-2] Could not parse date string 2022-04-27T06:58:18.397854749+00:00 as date_optional_time"""
2022-04-27T06:59:42.580443644+00:00,"pattern not matched: ""2022-04-27T14:59:42.274350310+08:00 stdout F [2022-04-27T06:59:42,274][WARN ][o.o.s.l.e.f.DateFieldFormatter] [opensearch-cluster-master-2] Could not parse date value; returning original value"""
2022-04-27T06:59:42.580457350+00:00,"pattern not matched: ""2022-04-27T14:59:42.274396868+08:00 stdout F [2022-04-27T06:59:42,274][WARN ][o.o.s.l.e.f.DateFieldFormatter] [opensearch-cluster-master-2] Could not parse date string 2022-04-27T06:58:18.397868164+00:00 as date_optional_time"""
2022-04-27T06:59:42.580489581+00:00,"pattern not matched: ""2022-04-27T14:59:42.274405675+08:00 stdout F [2022-04-27T06:59:42,274][WARN ][o.o.s.l.e.f.DateFieldFormatter] [opensearch-cluster-master-2] Could not parse date value; returning original value"""
2022-04-27T06:59:42.580505321+00:00,"pattern not matched: ""2022-04-27T14:59:42.274443025+08:00 stdout F [2022-04-27T06:59:42,274][WARN ][o.o.s.l.e.f.DateFieldFormatter] [opensearch-cluster-master-2] Could not parse date string 2022-04-27T06:58:18.397893442+00:00 as date_optional_time"""
2022-04-27T06:59:42.580519989+00:00,"pattern not matched: ""2022-04-27T14:59:42.274451321+08:00 stdout F [2022-04-27T06:59:42,274][WARN ][o.o.s.l.e.f.DateFieldFormatter] [opensearch-cluster-master-2] Could not parse date value; returning original value"""
2022-04-27T06:59:42.580552520+00:00,"pattern not matched: ""2022-04-27T14:59:42.274497127+08:00 stdout F [2022-04-27T06:59:42,274][WARN ][o.o.s.l.e.f.DateFieldFormatter] [opensearch-cluster-master-2] Could not parse date string 2022-04-27T06:58:18.397912778+00:00 as date_optional_time"""
2022-04-27T06:59:42.580566376+00:00,"pattern not matched: ""2022-04-27T14:59:42.274506986+08:00 stdout F [2022-04-27T06:59:42,274][WARN ][o.o.s.l.e.f.DateFieldFormatter] [opensearch-cluster-master-2] Could not parse date value; returning original value"""
2022-04-27T06:59:42.580578279+00:00,"pattern not matched: ""2022-04-27T14:59:42.274545348+08:00 stdout F [2022-04-27T06:59:42,274][WARN ][o.o.s.l.e.f.DateFieldFormatter] [opensearch-cluster-master-2] Could not parse date string 2022-04-27T06:58:18.397927716+00:00 as date_optional_time"""
2022-04-27T06:59:42.580597886+00:00,"pattern not matched: ""2022-04-27T14:59:42.274553644+08:00 stdout F [2022-04-27T06:59:42,274][WARN ][o.o.s.l.e.f.DateFieldFormatter] [opensearch-cluster-master-2] Could not parse date value; returning original value"""
2022-04-27T06:59:42.580623324+00:00,"pattern not matched: ""2022-04-27T14:59:42.274593539+08:00 stdout F [2022-04-27T06:59:42,274][WARN ][o.o.s.l.e.f.DateFieldFormatter] [opensearch-cluster-master-2] Could not parse date string 2022-04-27T06:58:18.397951431+00:00 as date_optional_time"""
2022-04-27T06:59:42.580646127+00:00,"pattern not matched: ""2022-04-27T14:59:42.274601945+08:00 stdout F [2022-04-27T06:59:42,274][WARN ][o.o.s.l.e.f.DateFieldFormatter] [opensearch-cluster-master-2] Could not parse date value; returning original value"""
2022-04-27T06:59:42.580676414+00:00,"pattern not matched: ""2022-04-27T14:59:42.274639055+08:00 stdout F [2022-04-27T06:59:42,274][WARN ][o.o.s.l.e.f.DateFieldFormatter] [opensearch-cluster-master-2] Could not parse date string 2022-04-27T06:58:18.397968814+00:00 as date_optional_time"""
2022-04-27T06:59:42.580691743+00:00,"pattern not matched: ""2022-04-27T14:59:42.274647531+08:00 stdout F [2022-04-27T06:59:42,274][WARN ][o.o.s.l.e.f.DateFieldFormatter] [opensearch-cluster-master-2] Could not parse date value; returning original value"""
2022-04-27T06:59:42.580704006+00:00,"pattern not matched: ""2022-04-27T14:59:42.274685843+08:00 stdout F [2022-04-27T06:59:42,274][WARN ][o.o.s.l.e.f.DateFieldFormatter] [opensearch-cluster-master-2] Could not parse date string 2022-04-27T06:58:18.397994372+00:00 as date_optional_time"""
2022-04-27T06:59:42.580729063+00:00,"pattern not matched: ""2022-04-27T14:59:42.274694109+08:00 stdout F [2022-04-27T06:59:42,274][WARN ][o.o.s.l.e.f.DateFieldFormatter] [opensearch-cluster-master-2] Could not parse date value; returning original value"""
2022-04-27T06:59:42.580744853+00:00,"pattern not matched: ""2022-04-27T14:59:42.274740276+08:00 stdout F [2022-04-27T06:59:42,274][WARN ][o.o.s.l.e.f.DateFieldFormatter] [opensearch-cluster-master-2] Could not parse date string 2022-04-27T06:58:18.398005994+00:00 as date_optional_time"""
2022-04-27T06:59:42.580764159+00:00,"pattern not matched: ""2022-04-27T14:59:42.274748612+08:00 stdout F [2022-04-27T06:59:42,274][WARN ][o.o.s.l.e.f.DateFieldFormatter] [opensearch-cluster-master-2] Could not parse date value; returning original value"""
2022-04-27T06:59:42.580779438+00:00,"pattern not matched: ""2022-04-27T14:59:42.274787265+08:00 stdout F [2022-04-27T06:59:42,274][WARN ][o.o.s.l.e.f.DateFieldFormatter] [opensearch-cluster-master-2] Could not parse date string 2022-04-27T06:58:18.398019089+00:00 as date_optional_time"""
2022-04-27T06:59:42.580801430+00:00,"pattern not matched: ""2022-04-27T14:59:42.274795440+08:00 stdout F [2022-04-27T06:59:42,274][WARN ][o.o.s.l.e.f.DateFieldFormatter] [opensearch-cluster-master-2] Could not parse date value; returning original value"""
2022-04-27T06:59:42.580837237+00:00,"pattern not matched: ""2022-04-27T14:59:42.274850284+08:00 stdout F [2022-04-27T06:59:42,274][WARN ][o.o.s.l.e.f.DateFieldFormatter] [opensearch-cluster-master-2] Could not parse date string 2022-04-27T06:58:18.398038976+00:00 as date_optional_time"""
2022-04-27T06:59:42.580855381+00:00,"pattern not matched: ""2022-04-27T14:59:42.274858279+08:00 stdout F [2022-04-27T06:59:42,274][WARN ][o.o.s.l.e.f.DateFieldFormatter] [opensearch-cluster-master-2] Could not parse date value; returning original value"""
2022-04-27T06:59:42.580878024+00:00,"pattern not matched: ""2022-04-27T14:59:42.274896691+08:00 stdout F [2022-04-27T06:59:42,274][WARN ][o.o.s.l.e.f.DateFieldFormatter] [opensearch-cluster-master-2] Could not parse date string 2022-04-27T06:58:18.398079132+00:00 as date_optional_time"""
2022-04-27T06:59:42.580893243+00:00,"pattern not matched: ""2022-04-27T14:59:42.274904706+08:00 stdout F [2022-04-27T06:59:42,274][WARN ][o.o.s.l.e.f.DateFieldFormatter] [opensearch-cluster-master-2] Could not parse date value; returning original value"""
2022-04-27T06:59:42.580917869+00:00,"pattern not matched: ""2022-04-27T14:59:42.274941686+08:00 stdout F [2022-04-27T06:59:42,274][WARN ][o.o.s.l.e.f.DateFieldFormatter] [opensearch-cluster-master-2] Could not parse date string 2022-04-27T06:58:18.398090694+00:00 as date_optional_time"""
2022-04-27T06:59:42.580938638+00:00,"pattern not matched: ""2022-04-27T14:59:42.274950002+08:00 stdout F [2022-04-27T06:59:42,274][WARN ][o.o.s.l.e.f.DateFieldFormatter] [opensearch-cluster-master-2] Could not parse date value; returning original value"""
2022-04-27T06:59:42.580962824+00:00,"pattern not matched: ""2022-04-27T14:59:42.274985910+08:00 stdout F [2022-04-27T06:59:42,274][WARN ][o.o.s.l.e.f.DateFieldFormatter] [opensearch-cluster-master-2] Could not parse date string 2022-04-27T06:58:18.398104219+00:00 as date_optional_time"""
2022-04-27T06:59:42.580978674+00:00,"pattern not matched: ""2022-04-27T14:59:42.274994165+08:00 stdout F [2022-04-27T06:59:42,274][WARN ][o.o.s.l.e.f.DateFieldFormatter] [opensearch-cluster-master-2] Could not parse date value; returning original value"""
2022-04-27T06:59:42.581001537+00:00,"pattern not matched: ""2022-04-27T14:59:42.275031185+08:00 stdout F [2022-04-27T06:59:42,275][WARN ][o.o.s.l.e.f.DateFieldFormatter] [opensearch-cluster-master-2] Could not parse date string 2022-04-27T06:58:18.398116873+00:00 as date_optional_time"""
2022-04-27T06:59:42.581027065+00:00,"pattern not matched: ""2022-04-27T14:59:42.275040412+08:00 stdout F [2022-04-27T06:59:42,275][WARN ][o.o.s.l.e.f.DateFieldFormatter] [opensearch-cluster-master-2] Could not parse date value; returning original value"""
2022-04-27T06:59:42.581039559+00:00,"pattern not matched: ""2022-04-27T14:59:42.275080197+08:00 stdout F [2022-04-27T06:59:42,275][WARN ][o.o.s.l.e.f.DateFieldFormatter] [opensearch-cluster-master-2] Could not parse date string 2022-04-27T06:58:18.398129948+00:00 as date_optional_time"""
2022-04-27T06:59:42.581071058+00:00,"pattern not matched: ""2022-04-27T14:59:42.275088503+08:00 stdout F [2022-04-27T06:59:42,275][WARN ][o.o.s.l.e.f.DateFieldFormatter] [opensearch-cluster-master-2] Could not parse date value; returning original value"""
2022-04-27T06:59:42.581084454+00:00,"pattern not matched: ""2022-04-27T14:59:42.275126164+08:00 stdout F [2022-04-27T06:59:42,275][WARN ][o.o.s.l.e.f.DateFieldFormatter] [opensearch-cluster-master-2] Could not parse date string 2022-04-27T06:58:18.398161327+00:00 as date_optional_time"""
2022-04-27T06:59:42.581096627+00:00,"pattern not matched: ""2022-04-27T14:59:42.275134420+08:00 stdout F [2022-04-27T06:59:42,275][WARN ][o.o.s.l.e.f.DateFieldFormatter] [opensearch-cluster-master-2] Could not parse date value; returning original value"""
2022-04-27T06:59:42.581124038+00:00,"pattern not matched: ""2022-04-27T14:59:42.275173764+08:00 stdout F [2022-04-27T06:59:42,275][WARN ][o.o.s.l.e.f.DateFieldFormatter] [opensearch-cluster-master-2] Could not parse date string 2022-04-27T06:58:18.398178480+00:00 as date_optional_time"""
2022-04-27T06:59:42.581136572+00:00,"pattern not matched: ""2022-04-27T14:59:42.275181769+08:00 stdout F [2022-04-27T06:59:42,275][WARN ][o.o.s.l.e.f.DateFieldFormatter] [opensearch-cluster-master-2] Could not parse date value; returning original value"""
2022-04-27T06:59:42.581150669+00:00,"pattern not matched: ""2022-04-27T14:59:42.275238707+08:00 stdout F [2022-04-27T06:59:42,275][WARN ][o.o.s.l.e.f.DateFieldFormatter] [opensearch-cluster-master-2] Could not parse date string 2022-04-27T06:58:18.398196554+00:00 as date_optional_time"""
2022-04-27T06:59:42.581176287+00:00,"pattern not matched: ""2022-04-27T14:59:42.275246772+08:00 stdout F [2022-04-27T06:59:42,275][WARN ][o.o.s.l.e.f.DateFieldFormatter] [opensearch-cluster-master-2] Could not parse date value; returning original value"""
2022-04-27T06:59:42.581206905+00:00,"pattern not matched: ""2022-04-27T14:59:42.275293931+08:00 stdout F [2022-04-27T06:59:42,275][WARN ][o.o.s.l.e.f.DateFieldFormatter] [opensearch-cluster-master-2] Could not parse date string 2022-04-27T06:58:18.398210560+00:00 as date_optional_time"""
2022-04-27T06:59:42.581217936+00:00,"pattern not matched: ""2022-04-27T14:59:42.275302156+08:00 stdout F [2022-04-27T06:59:42,275][WARN ][o.o.s.l.e.f.DateFieldFormatter] [opensearch-cluster-master-2] Could not parse date value; returning original value"""
2022-04-27T06:59:42.581239236+00:00,"pattern not matched: ""2022-04-27T14:59:42.275343524+08:00 stdout F [2022-04-27T06:59:42,275][WARN ][o.o.s.l.e.f.DateFieldFormatter] [opensearch-cluster-master-2] Could not parse date string 2022-04-27T06:58:18.398235407+00:00 as date_optional_time"""
2022-04-27T06:59:42.581255246+00:00,"pattern not matched: ""2022-04-27T14:59:42.275351509+08:00 stdout F [2022-04-27T06:59:42,275][WARN ][o.o.s.l.e.f.DateFieldFormatter] [opensearch-cluster-master-2] Could not parse date value; returning original value"""
2022-04-27T06:59:42.581282287+00:00,"pattern not matched: ""2022-04-27T14:59:42.275393148+08:00 stdout F [2022-04-27T06:59:42,275][WARN ][o.o.s.l.e.f.DateFieldFormatter] [opensearch-cluster-master-2] Could not parse date string 2022-04-27T06:58:18.398249053+00:00 as date_optional_time"""
2022-04-27T06:59:42.581296454+00:00,"pattern not matched: ""2022-04-27T14:59:42.275401133+08:00 stdout F [2022-04-27T06:59:42,275][WARN ][o.o.s.l.e.f.DateFieldFormatter] [opensearch-cluster-master-2] Could not parse date value; returning original value"""
2022-04-27T06:59:42.581330989+00:00,"pattern not matched: ""2022-04-27T14:59:42.275439666+08:00 stdout F [2022-04-27T06:59:42,275][WARN ][o.o.s.l.e.f.DateFieldFormatter] [opensearch-cluster-master-2] Could not parse date string 2022-04-27T06:58:18.398282486+00:00 as date_optional_time"""
2022-04-27T06:59:42.581345616+00:00,"pattern not matched: ""2022-04-27T14:59:42.275447961+08:00 stdout F [2022-04-27T06:59:42,275][WARN ][o.o.s.l.e.f.DateFieldFormatter] [opensearch-cluster-master-2] Could not parse date value; returning original value"""
2022-04-27T06:59:42.581375753+00:00,"pattern not matched: ""2022-04-27T14:59:42.275491343+08:00 stdout F [2022-04-27T06:59:42,275][WARN ][o.o.s.l.e.f.DateFieldFormatter] [opensearch-cluster-master-2] Could not parse date string 2022-04-27T06:58:18.398299849+00:00 as date_optional_time"""
2022-04-27T06:59:42.581391192+00:00,"pattern not matched: ""2022-04-27T14:59:42.275501573+08:00 stdout F [2022-04-27T06:59:42,275][WARN ][o.o.s.l.e.f.DateFieldFormatter] [opensearch-cluster-master-2] Could not parse date value; returning original value"""
2022-04-27T06:59:42.581407483+00:00,"pattern not matched: ""2022-04-27T14:59:42.275537801+08:00 stdout F [2022-04-27T06:59:42,275][WARN ][o.o.s.l.e.f.DateFieldFormatter] [opensearch-cluster-master-2] Could not parse date string 2022-04-27T06:58:18.398311320+00:00 as date_optional_time"""
2022-04-27T06:59:42.581438983+00:00,"pattern not matched: ""2022-04-27T14:59:42.275547449+08:00 stdout F [2022-04-27T06:59:42,275][WARN ][o.o.s.l.e.f.DateFieldFormatter] [opensearch-cluster-master-2] Could not parse date value; returning original value"""
